observation_id,source_id,entity_type,entity_id,variable,mean,sd,unit,sex,n,age_summary,measurement_method,value_status,population_compatibility,reference_eligibility,method_context,notes
charles_2019_adductor_magnus_volume_mean,CHARLES_2019,UNIT,adductor_magnus,VOLUME_MEAN,567,186,cm3,MIXED,"10 (5 male, 5 female)",27.3 ± 3.95 y,3-T MRI + DTI fibre tractography,MEASURED,YOUNG_ADULT_MIXED_SEX_CONTEXT,CONTEXT_ONLY_MIXED_SEX,T1 MRI segmentation,Primary-source Table 3 mean ± SD. Do not promote to adult-male canonical reference without a selection rule.
charles_2019_adductor_magnus_muscle_length_mean,CHARLES_2019,UNIT,adductor_magnus,MUSCLE_LENGTH_MEAN,303,31,mm,MIXED,"10 (5 male, 5 female)",27.3 ± 3.95 y,3-T MRI + DTI fibre tractography,MEASURED,YOUNG_ADULT_MIXED_SEX_CONTEXT,CONTEXT_ONLY_MIXED_SEX,3D muscle mesh / anatomical T1 MRI,Primary-source Table 3 mean ± SD. Do not promote to adult-male canonical reference without a selection rule.
charles_2019_adductor_magnus_optimal_fibre_length_mean,CHARLES_2019,UNIT,adductor_magnus,OPTIMAL_FIBRE_LENGTH_MEAN,231,61,mm,MIXED,"10 (5 male, 5 female)",27.3 ± 3.95 y,3-T MRI + DTI fibre tractography,PUBLISHED_DERIVED,YOUNG_ADULT_MIXED_SEX_CONTEXT,CONTEXT_ONLY_MIXED_SEX,DTI tract length sarcomere-normalised using Ward et al. sarcomere lengths and 2.7 μm optimum,Primary-source Table 3 mean ± SD. Do not promote to adult-male canonical reference without a selection rule.
charles_2019_adductor_magnus_pennation_mean,CHARLES_2019,UNIT,adductor_magnus,PENNATION_MEAN,12,3,deg,MIXED,"10 (5 male, 5 female)",27.3 ± 3.95 y,3-T MRI + DTI fibre tractography,MEASURED,YOUNG_ADULT_MIXED_SEX_CONTEXT,CONTEXT_ONLY_MIXED_SEX,Five superficial 2D pennation measurements across proximal/middle/distal regions relative to estimated muscle line of action,Primary-source Table 3 mean ± SD. Do not promote to adult-male canonical reference without a selection rule.
charles_2019_adductor_magnus_pcsa_mean,CHARLES_2019,UNIT,adductor_magnus,PCSA_MEAN,2524,859,mm2,MIXED,"10 (5 male, 5 female)",27.3 ± 3.95 y,3-T MRI + DTI fibre tractography,PUBLISHED_DERIVED,YOUNG_ADULT_MIXED_SEX_CONTEXT,CONTEXT_ONLY_MIXED_SEX,"Source-native PCSA calculated from muscle volume, optimal fibre length and pennation",Primary-source Table 3 mean ± SD. Do not promote to adult-male canonical reference without a selection rule.
charles_2019_adductor_longus_volume_mean,CHARLES_2019,UNIT,adductor_longus,VOLUME_MEAN,159,56,cm3,MIXED,"10 (5 male, 5 female)",27.3 ± 3.95 y,3-T MRI + DTI fibre tractography,MEASURED,YOUNG_ADULT_MIXED_SEX_CONTEXT,CONTEXT_ONLY_MIXED_SEX,T1 MRI segmentation,Primary-source Table 3 mean ± SD. Do not promote to adult-male canonical reference without a selection rule.
charles_2019_adductor_longus_muscle_length_mean,CHARLES_2019,UNIT,adductor_longus,MUSCLE_LENGTH_MEAN,219,27,mm,MIXED,"10 (5 male, 5 female)",27.3 ± 3.95 y,3-T MRI + DTI fibre tractography,MEASURED,YOUNG_ADULT_MIXED_SEX_CONTEXT,CONTEXT_ONLY_MIXED_SEX,3D muscle mesh / anatomical T1 MRI,Primary-source Table 3 mean ± SD. Do not promote to adult-male canonical reference without a selection rule.
charles_2019_adductor_longus_optimal_fibre_length_mean,CHARLES_2019,UNIT,adductor_longus,OPTIMAL_FIBRE_LENGTH_MEAN,110,27,mm,MIXED,"10 (5 male, 5 female)",27.3 ± 3.95 y,3-T MRI + DTI fibre tractography,PUBLISHED_DERIVED,YOUNG_ADULT_MIXED_SEX_CONTEXT,CONTEXT_ONLY_MIXED_SEX,DTI tract length sarcomere-normalised using Ward et al. sarcomere lengths and 2.7 μm optimum,Primary-source Table 3 mean ± SD. Do not promote to adult-male canonical reference without a selection rule.
charles_2019_adductor_longus_pennation_mean,CHARLES_2019,UNIT,adductor_longus,PENNATION_MEAN,12,2,deg,MIXED,"10 (5 male, 5 female)",27.3 ± 3.95 y,3-T MRI + DTI fibre tractography,MEASURED,YOUNG_ADULT_MIXED_SEX_CONTEXT,CONTEXT_ONLY_MIXED_SEX,Five superficial 2D pennation measurements across proximal/middle/distal regions relative to estimated muscle line of action,Primary-source Table 3 mean ± SD. Do not promote to adult-male canonical reference without a selection rule.
charles_2019_adductor_longus_pcsa_mean,CHARLES_2019,UNIT,adductor_longus,PCSA_MEAN,1470,528,mm2,MIXED,"10 (5 male, 5 female)",27.3 ± 3.95 y,3-T MRI + DTI fibre tractography,PUBLISHED_DERIVED,YOUNG_ADULT_MIXED_SEX_CONTEXT,CONTEXT_ONLY_MIXED_SEX,"Source-native PCSA calculated from muscle volume, optimal fibre length and pennation",Primary-source Table 3 mean ± SD. Do not promote to adult-male canonical reference without a selection rule.
charles_2019_adductor_brevis_volume_mean,CHARLES_2019,UNIT,adductor_brevis,VOLUME_MEAN,93,21,cm3,MIXED,"10 (5 male, 5 female)",27.3 ± 3.95 y,3-T MRI + DTI fibre tractography,MEASURED,YOUNG_ADULT_MIXED_SEX_CONTEXT,CONTEXT_ONLY_MIXED_SEX,T1 MRI segmentation,Primary-source Table 3 mean ± SD. Do not promote to adult-male canonical reference without a selection rule.
charles_2019_adductor_brevis_muscle_length_mean,CHARLES_2019,UNIT,adductor_brevis,MUSCLE_LENGTH_MEAN,151,28,mm,MIXED,"10 (5 male, 5 female)",27.3 ± 3.95 y,3-T MRI + DTI fibre tractography,MEASURED,YOUNG_ADULT_MIXED_SEX_CONTEXT,CONTEXT_ONLY_MIXED_SEX,3D muscle mesh / anatomical T1 MRI,Primary-source Table 3 mean ± SD. Do not promote to adult-male canonical reference without a selection rule.
charles_2019_adductor_brevis_optimal_fibre_length_mean,CHARLES_2019,UNIT,adductor_brevis,OPTIMAL_FIBRE_LENGTH_MEAN,76,22,mm,MIXED,"10 (5 male, 5 female)",27.3 ± 3.95 y,3-T MRI + DTI fibre tractography,PUBLISHED_DERIVED,YOUNG_ADULT_MIXED_SEX_CONTEXT,CONTEXT_ONLY_MIXED_SEX,DTI tract length sarcomere-normalised using Ward et al. sarcomere lengths and 2.7 μm optimum,Primary-source Table 3 mean ± SD. Do not promote to adult-male canonical reference without a selection rule.
charles_2019_adductor_brevis_pennation_mean,CHARLES_2019,UNIT,adductor_brevis,PENNATION_MEAN,11,2,deg,MIXED,"10 (5 male, 5 female)",27.3 ± 3.95 y,3-T MRI + DTI fibre tractography,MEASURED,YOUNG_ADULT_MIXED_SEX_CONTEXT,CONTEXT_ONLY_MIXED_SEX,Five superficial 2D pennation measurements across proximal/middle/distal regions relative to estimated muscle line of action,Primary-source Table 3 mean ± SD. Do not promote to adult-male canonical reference without a selection rule.
charles_2019_adductor_brevis_pcsa_mean,CHARLES_2019,UNIT,adductor_brevis,PCSA_MEAN,1268,369,mm2,MIXED,"10 (5 male, 5 female)",27.3 ± 3.95 y,3-T MRI + DTI fibre tractography,PUBLISHED_DERIVED,YOUNG_ADULT_MIXED_SEX_CONTEXT,CONTEXT_ONLY_MIXED_SEX,"Source-native PCSA calculated from muscle volume, optimal fibre length and pennation",Primary-source Table 3 mean ± SD. Do not promote to adult-male canonical reference without a selection rule.
charles_2019_gracilis_volume_mean,CHARLES_2019,UNIT,gracilis,VOLUME_MEAN,91,32,cm3,MIXED,"10 (5 male, 5 female)",27.3 ± 3.95 y,3-T MRI + DTI fibre tractography,MEASURED,YOUNG_ADULT_MIXED_SEX_CONTEXT,CONTEXT_ONLY_MIXED_SEX,T1 MRI segmentation,Primary-source Table 3 mean ± SD. Do not promote to adult-male canonical reference without a selection rule.
charles_2019_gracilis_muscle_length_mean,CHARLES_2019,UNIT,gracilis,MUSCLE_LENGTH_MEAN,343,28,mm,MIXED,"10 (5 male, 5 female)",27.3 ± 3.95 y,3-T MRI + DTI fibre tractography,MEASURED,YOUNG_ADULT_MIXED_SEX_CONTEXT,CONTEXT_ONLY_MIXED_SEX,3D muscle mesh / anatomical T1 MRI,Primary-source Table 3 mean ± SD. Do not promote to adult-male canonical reference without a selection rule.
charles_2019_gracilis_optimal_fibre_length_mean,CHARLES_2019,UNIT,gracilis,OPTIMAL_FIBRE_LENGTH_MEAN,173,56,mm,MIXED,"10 (5 male, 5 female)",27.3 ± 3.95 y,3-T MRI + DTI fibre tractography,PUBLISHED_DERIVED,YOUNG_ADULT_MIXED_SEX_CONTEXT,CONTEXT_ONLY_MIXED_SEX,DTI tract length sarcomere-normalised using Ward et al. sarcomere lengths and 2.7 μm optimum,Primary-source Table 3 mean ± SD. Do not promote to adult-male canonical reference without a selection rule.
charles_2019_gracilis_pennation_mean,CHARLES_2019,UNIT,gracilis,PENNATION_MEAN,6,2,deg,MIXED,"10 (5 male, 5 female)",27.3 ± 3.95 y,3-T MRI + DTI fibre tractography,MEASURED,YOUNG_ADULT_MIXED_SEX_CONTEXT,CONTEXT_ONLY_MIXED_SEX,Five superficial 2D pennation measurements across proximal/middle/distal regions relative to estimated muscle line of action,Primary-source Table 3 mean ± SD. Do not promote to adult-male canonical reference without a selection rule.
charles_2019_gracilis_pcsa_mean,CHARLES_2019,UNIT,gracilis,PCSA_MEAN,531,104,mm2,MIXED,"10 (5 male, 5 female)",27.3 ± 3.95 y,3-T MRI + DTI fibre tractography,PUBLISHED_DERIVED,YOUNG_ADULT_MIXED_SEX_CONTEXT,CONTEXT_ONLY_MIXED_SEX,"Source-native PCSA calculated from muscle volume, optimal fibre length and pennation",Primary-source Table 3 mean ± SD. Do not promote to adult-male canonical reference without a selection rule.
charles_2019_semimembranosus_volume_mean,CHARLES_2019,UNIT,semimembranosus,VOLUME_MEAN,244,57,cm3,MIXED,"10 (5 male, 5 female)",27.3 ± 3.95 y,3-T MRI + DTI fibre tractography,MEASURED,YOUNG_ADULT_MIXED_SEX_CONTEXT,CONTEXT_ONLY_MIXED_SEX,T1 MRI segmentation,Primary-source Table 3 mean ± SD. Do not promote to adult-male canonical reference without a selection rule.
charles_2019_semimembranosus_muscle_length_mean,CHARLES_2019,UNIT,semimembranosus,MUSCLE_LENGTH_MEAN,272,29,mm,MIXED,"10 (5 male, 5 female)",27.3 ± 3.95 y,3-T MRI + DTI fibre tractography,MEASURED,YOUNG_ADULT_MIXED_SEX_CONTEXT,CONTEXT_ONLY_MIXED_SEX,3D muscle mesh / anatomical T1 MRI,Primary-source Table 3 mean ± SD. Do not promote to adult-male canonical reference without a selection rule.
charles_2019_semimembranosus_optimal_fibre_length_mean,CHARLES_2019,UNIT,semimembranosus,OPTIMAL_FIBRE_LENGTH_MEAN,158,43,mm,MIXED,"10 (5 male, 5 female)",27.3 ± 3.95 y,3-T MRI + DTI fibre tractography,PUBLISHED_DERIVED,YOUNG_ADULT_MIXED_SEX_CONTEXT,CONTEXT_ONLY_MIXED_SEX,DTI tract length sarcomere-normalised using Ward et al. sarcomere lengths and 2.7 μm optimum,Primary-source Table 3 mean ± SD. Do not promote to adult-male canonical reference without a selection rule.
charles_2019_semimembranosus_pennation_mean,CHARLES_2019,UNIT,semimembranosus,PENNATION_MEAN,12,3,deg,MIXED,"10 (5 male, 5 female)",27.3 ± 3.95 y,3-T MRI + DTI fibre tractography,MEASURED,YOUNG_ADULT_MIXED_SEX_CONTEXT,CONTEXT_ONLY_MIXED_SEX,Five superficial 2D pennation measurements across proximal/middle/distal regions relative to estimated muscle line of action,Primary-source Table 3 mean ± SD. Do not promote to adult-male canonical reference without a selection rule.
charles_2019_semimembranosus_pcsa_mean,CHARLES_2019,UNIT,semimembranosus,PCSA_MEAN,1561,368,mm2,MIXED,"10 (5 male, 5 female)",27.3 ± 3.95 y,3-T MRI + DTI fibre tractography,PUBLISHED_DERIVED,YOUNG_ADULT_MIXED_SEX_CONTEXT,CONTEXT_ONLY_MIXED_SEX,"Source-native PCSA calculated from muscle volume, optimal fibre length and pennation",Primary-source Table 3 mean ± SD. Do not promote to adult-male canonical reference without a selection rule.
charles_2019_semitendinosus_volume_mean,CHARLES_2019,UNIT,semitendinosus,VOLUME_MEAN,186,55,cm3,MIXED,"10 (5 male, 5 female)",27.3 ± 3.95 y,3-T MRI + DTI fibre tractography,MEASURED,YOUNG_ADULT_MIXED_SEX_CONTEXT,CONTEXT_ONLY_MIXED_SEX,T1 MRI segmentation,Primary-source Table 3 mean ± SD. Do not promote to adult-male canonical reference without a selection rule.
charles_2019_semitendinosus_muscle_length_mean,CHARLES_2019,UNIT,semitendinosus,MUSCLE_LENGTH_MEAN,324,26,mm,MIXED,"10 (5 male, 5 female)",27.3 ± 3.95 y,3-T MRI + DTI fibre tractography,MEASURED,YOUNG_ADULT_MIXED_SEX_CONTEXT,CONTEXT_ONLY_MIXED_SEX,3D muscle mesh / anatomical T1 MRI,Primary-source Table 3 mean ± SD. Do not promote to adult-male canonical reference without a selection rule.
charles_2019_semitendinosus_optimal_fibre_length_mean,CHARLES_2019,UNIT,semitendinosus,OPTIMAL_FIBRE_LENGTH_MEAN,183,45,mm,MIXED,"10 (5 male, 5 female)",27.3 ± 3.95 y,3-T MRI + DTI fibre tractography,PUBLISHED_DERIVED,YOUNG_ADULT_MIXED_SEX_CONTEXT,CONTEXT_ONLY_MIXED_SEX,DTI tract length sarcomere-normalised using Ward et al. sarcomere lengths and 2.7 μm optimum,Primary-source Table 3 mean ± SD. Do not promote to adult-male canonical reference without a selection rule.
charles_2019_semitendinosus_pennation_mean,CHARLES_2019,UNIT,semitendinosus,PENNATION_MEAN,8,2,deg,MIXED,"10 (5 male, 5 female)",27.3 ± 3.95 y,3-T MRI + DTI fibre tractography,MEASURED,YOUNG_ADULT_MIXED_SEX_CONTEXT,CONTEXT_ONLY_MIXED_SEX,Five superficial 2D pennation measurements across proximal/middle/distal regions relative to estimated muscle line of action,Primary-source Table 3 mean ± SD. Do not promote to adult-male canonical reference without a selection rule.
charles_2019_semitendinosus_pcsa_mean,CHARLES_2019,UNIT,semitendinosus,PCSA_MEAN,1073,438,mm2,MIXED,"10 (5 male, 5 female)",27.3 ± 3.95 y,3-T MRI + DTI fibre tractography,PUBLISHED_DERIVED,YOUNG_ADULT_MIXED_SEX_CONTEXT,CONTEXT_ONLY_MIXED_SEX,"Source-native PCSA calculated from muscle volume, optimal fibre length and pennation",Primary-source Table 3 mean ± SD. Do not promote to adult-male canonical reference without a selection rule.
charles_2019_biceps_femoris_long_head_volume_mean,CHARLES_2019,SEGMENT,biceps_femoris_long_head,VOLUME_MEAN,194,55,cm3,MIXED,"10 (5 male, 5 female)",27.3 ± 3.95 y,3-T MRI + DTI fibre tractography,MEASURED,YOUNG_ADULT_MIXED_SEX_CONTEXT,CONTEXT_ONLY_MIXED_SEX,T1 MRI segmentation,Primary-source Table 3 mean ± SD. Do not promote to adult-male canonical reference without a selection rule.
charles_2019_biceps_femoris_long_head_muscle_length_mean,CHARLES_2019,SEGMENT,biceps_femoris_long_head,MUSCLE_LENGTH_MEAN,261,26,mm,MIXED,"10 (5 male, 5 female)",27.3 ± 3.95 y,3-T MRI + DTI fibre tractography,MEASURED,YOUNG_ADULT_MIXED_SEX_CONTEXT,CONTEXT_ONLY_MIXED_SEX,3D muscle mesh / anatomical T1 MRI,Primary-source Table 3 mean ± SD. Do not promote to adult-male canonical reference without a selection rule.
charles_2019_biceps_femoris_long_head_optimal_fibre_length_mean,CHARLES_2019,SEGMENT,biceps_femoris_long_head,OPTIMAL_FIBRE_LENGTH_MEAN,204,38,mm,MIXED,"10 (5 male, 5 female)",27.3 ± 3.95 y,3-T MRI + DTI fibre tractography,PUBLISHED_DERIVED,YOUNG_ADULT_MIXED_SEX_CONTEXT,CONTEXT_ONLY_MIXED_SEX,DTI tract length sarcomere-normalised using Ward et al. sarcomere lengths and 2.7 μm optimum,Primary-source Table 3 mean ± SD. Do not promote to adult-male canonical reference without a selection rule.
charles_2019_biceps_femoris_long_head_pennation_mean,CHARLES_2019,SEGMENT,biceps_femoris_long_head,PENNATION_MEAN,11,5,deg,MIXED,"10 (5 male, 5 female)",27.3 ± 3.95 y,3-T MRI + DTI fibre tractography,MEASURED,YOUNG_ADULT_MIXED_SEX_CONTEXT,CONTEXT_ONLY_MIXED_SEX,Five superficial 2D pennation measurements across proximal/middle/distal regions relative to estimated muscle line of action,Primary-source Table 3 mean ± SD. Do not promote to adult-male canonical reference without a selection rule.
charles_2019_biceps_femoris_long_head_pcsa_mean,CHARLES_2019,SEGMENT,biceps_femoris_long_head,PCSA_MEAN,998,502,mm2,MIXED,"10 (5 male, 5 female)",27.3 ± 3.95 y,3-T MRI + DTI fibre tractography,PUBLISHED_DERIVED,YOUNG_ADULT_MIXED_SEX_CONTEXT,CONTEXT_ONLY_MIXED_SEX,"Source-native PCSA calculated from muscle volume, optimal fibre length and pennation",Primary-source Table 3 mean ± SD. Do not promote to adult-male canonical reference without a selection rule.
charles_2019_biceps_femoris_short_head_volume_mean,CHARLES_2019,SEGMENT,biceps_femoris_short_head,VOLUME_MEAN,92,22,cm3,MIXED,"10 (5 male, 5 female)",27.3 ± 3.95 y,3-T MRI + DTI fibre tractography,MEASURED,YOUNG_ADULT_MIXED_SEX_CONTEXT,CONTEXT_ONLY_MIXED_SEX,T1 MRI segmentation,Primary-source Table 3 mean ± SD. Do not promote to adult-male canonical reference without a selection rule.
charles_2019_biceps_femoris_short_head_muscle_length_mean,CHARLES_2019,SEGMENT,biceps_femoris_short_head,MUSCLE_LENGTH_MEAN,279,39,mm,MIXED,"10 (5 male, 5 female)",27.3 ± 3.95 y,3-T MRI + DTI fibre tractography,MEASURED,YOUNG_ADULT_MIXED_SEX_CONTEXT,CONTEXT_ONLY_MIXED_SEX,3D muscle mesh / anatomical T1 MRI,Primary-source Table 3 mean ± SD. Do not promote to adult-male canonical reference without a selection rule.
charles_2019_biceps_femoris_short_head_optimal_fibre_length_mean,CHARLES_2019,SEGMENT,biceps_femoris_short_head,OPTIMAL_FIBRE_LENGTH_MEAN,109,21,mm,MIXED,"10 (5 male, 5 female)",27.3 ± 3.95 y,3-T MRI + DTI fibre tractography,PUBLISHED_DERIVED,YOUNG_ADULT_MIXED_SEX_CONTEXT,CONTEXT_ONLY_MIXED_SEX,DTI tract length sarcomere-normalised using Ward et al. sarcomere lengths and 2.7 μm optimum,Primary-source Table 3 mean ± SD. Do not promote to adult-male canonical reference without a selection rule.
charles_2019_biceps_femoris_short_head_pennation_mean,CHARLES_2019,SEGMENT,biceps_femoris_short_head,PENNATION_MEAN,9,1,deg,MIXED,"10 (5 male, 5 female)",27.3 ± 3.95 y,3-T MRI + DTI fibre tractography,MEASURED,YOUNG_ADULT_MIXED_SEX_CONTEXT,CONTEXT_ONLY_MIXED_SEX,Five superficial 2D pennation measurements across proximal/middle/distal regions relative to estimated muscle line of action,Primary-source Table 3 mean ± SD. Do not promote to adult-male canonical reference without a selection rule.
charles_2019_biceps_femoris_short_head_pcsa_mean,CHARLES_2019,SEGMENT,biceps_femoris_short_head,PCSA_MEAN,849,220,mm2,MIXED,"10 (5 male, 5 female)",27.3 ± 3.95 y,3-T MRI + DTI fibre tractography,PUBLISHED_DERIVED,YOUNG_ADULT_MIXED_SEX_CONTEXT,CONTEXT_ONLY_MIXED_SEX,"Source-native PCSA calculated from muscle volume, optimal fibre length and pennation",Primary-source Table 3 mean ± SD. Do not promote to adult-male canonical reference without a selection rule.
charles_2019_popliteus_volume_mean,CHARLES_2019,UNIT,popliteus,VOLUME_MEAN,15,5,cm3,MIXED,"10 (5 male, 5 female)",27.3 ± 3.95 y,3-T MRI + DTI fibre tractography,MEASURED,YOUNG_ADULT_MIXED_SEX_CONTEXT,CONTEXT_ONLY_MIXED_SEX,T1 MRI segmentation,Primary-source Table 3 mean ± SD. Do not promote to adult-male canonical reference without a selection rule.
charles_2019_popliteus_muscle_length_mean,CHARLES_2019,UNIT,popliteus,MUSCLE_LENGTH_MEAN,98,22,mm,MIXED,"10 (5 male, 5 female)",27.3 ± 3.95 y,3-T MRI + DTI fibre tractography,MEASURED,YOUNG_ADULT_MIXED_SEX_CONTEXT,CONTEXT_ONLY_MIXED_SEX,3D muscle mesh / anatomical T1 MRI,Primary-source Table 3 mean ± SD. Do not promote to adult-male canonical reference without a selection rule.
charles_2019_popliteus_optimal_fibre_length_mean,CHARLES_2019,UNIT,popliteus,OPTIMAL_FIBRE_LENGTH_MEAN,74,14,mm,MIXED,"10 (5 male, 5 female)",27.3 ± 3.95 y,3-T MRI + DTI fibre tractography,PUBLISHED_DERIVED,YOUNG_ADULT_MIXED_SEX_CONTEXT,CONTEXT_ONLY_MIXED_SEX,DTI tract length sarcomere-normalised using Ward et al. sarcomere lengths and 2.7 μm optimum,Primary-source Table 3 mean ± SD. Do not promote to adult-male canonical reference without a selection rule.
charles_2019_popliteus_pennation_mean,CHARLES_2019,UNIT,popliteus,PENNATION_MEAN,8,1,deg,MIXED,"10 (5 male, 5 female)",27.3 ± 3.95 y,3-T MRI + DTI fibre tractography,MEASURED,YOUNG_ADULT_MIXED_SEX_CONTEXT,CONTEXT_ONLY_MIXED_SEX,Five superficial 2D pennation measurements across proximal/middle/distal regions relative to estimated muscle line of action,Primary-source Table 3 mean ± SD. Do not promote to adult-male canonical reference without a selection rule.
charles_2019_popliteus_pcsa_mean,CHARLES_2019,UNIT,popliteus,PCSA_MEAN,202,76,mm2,MIXED,"10 (5 male, 5 female)",27.3 ± 3.95 y,3-T MRI + DTI fibre tractography,PUBLISHED_DERIVED,YOUNG_ADULT_MIXED_SEX_CONTEXT,CONTEXT_ONLY_MIXED_SEX,"Source-native PCSA calculated from muscle volume, optimal fibre length and pennation",Primary-source Table 3 mean ± SD. Do not promote to adult-male canonical reference without a selection rule.
charles_2019_sartorius_volume_mean,CHARLES_2019,UNIT,sartorius,VOLUME_MEAN,143,38,cm3,MIXED,"10 (5 male, 5 female)",27.3 ± 3.95 y,3-T MRI + DTI fibre tractography,MEASURED,YOUNG_ADULT_MIXED_SEX_CONTEXT,CONTEXT_ONLY_MIXED_SEX,T1 MRI segmentation,Primary-source Table 3 mean ± SD. Do not promote to adult-male canonical reference without a selection rule.
charles_2019_sartorius_muscle_length_mean,CHARLES_2019,UNIT,sartorius,MUSCLE_LENGTH_MEAN,504,48,mm,MIXED,"10 (5 male, 5 female)",27.3 ± 3.95 y,3-T MRI + DTI fibre tractography,MEASURED,YOUNG_ADULT_MIXED_SEX_CONTEXT,CONTEXT_ONLY_MIXED_SEX,3D muscle mesh / anatomical T1 MRI,Primary-source Table 3 mean ± SD. Do not promote to adult-male canonical reference without a selection rule.
charles_2019_sartorius_optimal_fibre_length_mean,CHARLES_2019,UNIT,sartorius,OPTIMAL_FIBRE_LENGTH_MEAN,408,30,mm,MIXED,"10 (5 male, 5 female)",27.3 ± 3.95 y,3-T MRI + DTI fibre tractography,PUBLISHED_DERIVED,YOUNG_ADULT_MIXED_SEX_CONTEXT,CONTEXT_ONLY_MIXED_SEX,DTI tract length sarcomere-normalised using Ward et al. sarcomere lengths and 2.7 μm optimum,Primary-source Table 3 mean ± SD. Do not promote to adult-male canonical reference without a selection rule.
charles_2019_sartorius_pcsa_mean,CHARLES_2019,UNIT,sartorius,PCSA_MEAN,333,84,mm2,MIXED,"10 (5 male, 5 female)",27.3 ± 3.95 y,3-T MRI + DTI fibre tractography,PUBLISHED_DERIVED,YOUNG_ADULT_MIXED_SEX_CONTEXT,CONTEXT_ONLY_MIXED_SEX,"Source-native PCSA calculated from muscle volume, optimal fibre length and pennation",Primary-source Table 3 mean ± SD. Do not promote to adult-male canonical reference without a selection rule.
charles_2019_rectus_femoris_volume_mean,CHARLES_2019,UNIT,rectus_femoris,VOLUME_MEAN,249,65,cm3,MIXED,"10 (5 male, 5 female)",27.3 ± 3.95 y,3-T MRI + DTI fibre tractography,MEASURED,YOUNG_ADULT_MIXED_SEX_CONTEXT,CONTEXT_ONLY_MIXED_SEX,T1 MRI segmentation,Primary-source Table 3 mean ± SD. Do not promote to adult-male canonical reference without a selection rule.
charles_2019_rectus_femoris_muscle_length_mean,CHARLES_2019,UNIT,rectus_femoris,MUSCLE_LENGTH_MEAN,323,28,mm,MIXED,"10 (5 male, 5 female)",27.3 ± 3.95 y,3-T MRI + DTI fibre tractography,MEASURED,YOUNG_ADULT_MIXED_SEX_CONTEXT,CONTEXT_ONLY_MIXED_SEX,3D muscle mesh / anatomical T1 MRI,Primary-source Table 3 mean ± SD. Do not promote to adult-male canonical reference without a selection rule.
charles_2019_rectus_femoris_optimal_fibre_length_mean,CHARLES_2019,UNIT,rectus_femoris,OPTIMAL_FIBRE_LENGTH_MEAN,142,43,mm,MIXED,"10 (5 male, 5 female)",27.3 ± 3.95 y,3-T MRI + DTI fibre tractography,PUBLISHED_DERIVED,YOUNG_ADULT_MIXED_SEX_CONTEXT,CONTEXT_ONLY_MIXED_SEX,DTI tract length sarcomere-normalised using Ward et al. sarcomere lengths and 2.7 μm optimum,Primary-source Table 3 mean ± SD. Do not promote to adult-male canonical reference without a selection rule.
charles_2019_rectus_femoris_pennation_mean,CHARLES_2019,UNIT,rectus_femoris,PENNATION_MEAN,8,1,deg,MIXED,"10 (5 male, 5 female)",27.3 ± 3.95 y,3-T MRI + DTI fibre tractography,MEASURED,YOUNG_ADULT_MIXED_SEX_CONTEXT,CONTEXT_ONLY_MIXED_SEX,Five superficial 2D pennation measurements across proximal/middle/distal regions relative to estimated muscle line of action,Primary-source Table 3 mean ± SD. Do not promote to adult-male canonical reference without a selection rule.
charles_2019_rectus_femoris_pcsa_mean,CHARLES_2019,UNIT,rectus_femoris,PCSA_MEAN,1853,591,mm2,MIXED,"10 (5 male, 5 female)",27.3 ± 3.95 y,3-T MRI + DTI fibre tractography,PUBLISHED_DERIVED,YOUNG_ADULT_MIXED_SEX_CONTEXT,CONTEXT_ONLY_MIXED_SEX,"Source-native PCSA calculated from muscle volume, optimal fibre length and pennation",Primary-source Table 3 mean ± SD. Do not promote to adult-male canonical reference without a selection rule.
charles_2019_vastus_lateralis_volume_mean,CHARLES_2019,UNIT,vastus_lateralis,VOLUME_MEAN,606,151,cm3,MIXED,"10 (5 male, 5 female)",27.3 ± 3.95 y,3-T MRI + DTI fibre tractography,MEASURED,YOUNG_ADULT_MIXED_SEX_CONTEXT,CONTEXT_ONLY_MIXED_SEX,T1 MRI segmentation,Primary-source Table 3 mean ± SD. Do not promote to adult-male canonical reference without a selection rule.
charles_2019_vastus_lateralis_muscle_length_mean,CHARLES_2019,UNIT,vastus_lateralis,MUSCLE_LENGTH_MEAN,335,21,mm,MIXED,"10 (5 male, 5 female)",27.3 ± 3.95 y,3-T MRI + DTI fibre tractography,MEASURED,YOUNG_ADULT_MIXED_SEX_CONTEXT,CONTEXT_ONLY_MIXED_SEX,3D muscle mesh / anatomical T1 MRI,Primary-source Table 3 mean ± SD. Do not promote to adult-male canonical reference without a selection rule.
charles_2019_vastus_lateralis_optimal_fibre_length_mean,CHARLES_2019,UNIT,vastus_lateralis,OPTIMAL_FIBRE_LENGTH_MEAN,196,42,mm,MIXED,"10 (5 male, 5 female)",27.3 ± 3.95 y,3-T MRI + DTI fibre tractography,PUBLISHED_DERIVED,YOUNG_ADULT_MIXED_SEX_CONTEXT,CONTEXT_ONLY_MIXED_SEX,DTI tract length sarcomere-normalised using Ward et al. sarcomere lengths and 2.7 μm optimum,Primary-source Table 3 mean ± SD. Do not promote to adult-male canonical reference without a selection rule.
charles_2019_vastus_lateralis_pennation_mean,CHARLES_2019,UNIT,vastus_lateralis,PENNATION_MEAN,15,4,deg,MIXED,"10 (5 male, 5 female)",27.3 ± 3.95 y,3-T MRI + DTI fibre tractography,MEASURED,YOUNG_ADULT_MIXED_SEX_CONTEXT,CONTEXT_ONLY_MIXED_SEX,Five superficial 2D pennation measurements across proximal/middle/distal regions relative to estimated muscle line of action,Primary-source Table 3 mean ± SD. Do not promote to adult-male canonical reference without a selection rule.
charles_2019_vastus_lateralis_pcsa_mean,CHARLES_2019,UNIT,vastus_lateralis,PCSA_MEAN,3206,1559,mm2,MIXED,"10 (5 male, 5 female)",27.3 ± 3.95 y,3-T MRI + DTI fibre tractography,PUBLISHED_DERIVED,YOUNG_ADULT_MIXED_SEX_CONTEXT,CONTEXT_ONLY_MIXED_SEX,"Source-native PCSA calculated from muscle volume, optimal fibre length and pennation",Primary-source Table 3 mean ± SD. Do not promote to adult-male canonical reference without a selection rule.
charles_2019_vastus_medialis_volume_mean,CHARLES_2019,UNIT,vastus_medialis,VOLUME_MEAN,415,115,cm3,MIXED,"10 (5 male, 5 female)",27.3 ± 3.95 y,3-T MRI + DTI fibre tractography,MEASURED,YOUNG_ADULT_MIXED_SEX_CONTEXT,CONTEXT_ONLY_MIXED_SEX,T1 MRI segmentation,Primary-source Table 3 mean ± SD. Do not promote to adult-male canonical reference without a selection rule.
charles_2019_vastus_medialis_muscle_length_mean,CHARLES_2019,UNIT,vastus_medialis,MUSCLE_LENGTH_MEAN,336,44,mm,MIXED,"10 (5 male, 5 female)",27.3 ± 3.95 y,3-T MRI + DTI fibre tractography,MEASURED,YOUNG_ADULT_MIXED_SEX_CONTEXT,CONTEXT_ONLY_MIXED_SEX,3D muscle mesh / anatomical T1 MRI,Primary-source Table 3 mean ± SD. Do not promote to adult-male canonical reference without a selection rule.
charles_2019_vastus_medialis_optimal_fibre_length_mean,CHARLES_2019,UNIT,vastus_medialis,OPTIMAL_FIBRE_LENGTH_MEAN,159,39,mm,MIXED,"10 (5 male, 5 female)",27.3 ± 3.95 y,3-T MRI + DTI fibre tractography,PUBLISHED_DERIVED,YOUNG_ADULT_MIXED_SEX_CONTEXT,CONTEXT_ONLY_MIXED_SEX,DTI tract length sarcomere-normalised using Ward et al. sarcomere lengths and 2.7 μm optimum,Primary-source Table 3 mean ± SD. Do not promote to adult-male canonical reference without a selection rule.
charles_2019_vastus_medialis_pennation_mean,CHARLES_2019,UNIT,vastus_medialis,PENNATION_MEAN,14,3,deg,MIXED,"10 (5 male, 5 female)",27.3 ± 3.95 y,3-T MRI + DTI fibre tractography,MEASURED,YOUNG_ADULT_MIXED_SEX_CONTEXT,CONTEXT_ONLY_MIXED_SEX,Five superficial 2D pennation measurements across proximal/middle/distal regions relative to estimated muscle line of action,Primary-source Table 3 mean ± SD. Do not promote to adult-male canonical reference without a selection rule.
charles_2019_vastus_medialis_pcsa_mean,CHARLES_2019,UNIT,vastus_medialis,PCSA_MEAN,2707,1119,mm2,MIXED,"10 (5 male, 5 female)",27.3 ± 3.95 y,3-T MRI + DTI fibre tractography,PUBLISHED_DERIVED,YOUNG_ADULT_MIXED_SEX_CONTEXT,CONTEXT_ONLY_MIXED_SEX,"Source-native PCSA calculated from muscle volume, optimal fibre length and pennation",Primary-source Table 3 mean ± SD. Do not promote to adult-male canonical reference without a selection rule.
charles_2019_vastus_intermedius_volume_mean,CHARLES_2019,UNIT,vastus_intermedius,VOLUME_MEAN,521,124,cm3,MIXED,"10 (5 male, 5 female)",27.3 ± 3.95 y,3-T MRI + DTI fibre tractography,MEASURED,YOUNG_ADULT_MIXED_SEX_CONTEXT,CONTEXT_ONLY_MIXED_SEX,T1 MRI segmentation,Primary-source Table 3 mean ± SD. Do not promote to adult-male canonical reference without a selection rule.
charles_2019_vastus_intermedius_muscle_length_mean,CHARLES_2019,UNIT,vastus_intermedius,MUSCLE_LENGTH_MEAN,353,28,mm,MIXED,"10 (5 male, 5 female)",27.3 ± 3.95 y,3-T MRI + DTI fibre tractography,MEASURED,YOUNG_ADULT_MIXED_SEX_CONTEXT,CONTEXT_ONLY_MIXED_SEX,3D muscle mesh / anatomical T1 MRI,Primary-source Table 3 mean ± SD. Do not promote to adult-male canonical reference without a selection rule.
charles_2019_vastus_intermedius_optimal_fibre_length_mean,CHARLES_2019,UNIT,vastus_intermedius,OPTIMAL_FIBRE_LENGTH_MEAN,181,40,mm,MIXED,"10 (5 male, 5 female)",27.3 ± 3.95 y,3-T MRI + DTI fibre tractography,PUBLISHED_DERIVED,YOUNG_ADULT_MIXED_SEX_CONTEXT,CONTEXT_ONLY_MIXED_SEX,DTI tract length sarcomere-normalised using Ward et al. sarcomere lengths and 2.7 μm optimum,Primary-source Table 3 mean ± SD. Do not promote to adult-male canonical reference without a selection rule.
charles_2019_vastus_intermedius_pennation_mean,CHARLES_2019,UNIT,vastus_intermedius,PENNATION_MEAN,11,4,deg,MIXED,"10 (5 male, 5 female)",27.3 ± 3.95 y,3-T MRI + DTI fibre tractography,MEASURED,YOUNG_ADULT_MIXED_SEX_CONTEXT,CONTEXT_ONLY_MIXED_SEX,Five superficial 2D pennation measurements across proximal/middle/distal regions relative to estimated muscle line of action,Primary-source Table 3 mean ± SD. Do not promote to adult-male canonical reference without a selection rule.
charles_2019_vastus_intermedius_pcsa_mean,CHARLES_2019,UNIT,vastus_intermedius,PCSA_MEAN,2938,926,mm2,MIXED,"10 (5 male, 5 female)",27.3 ± 3.95 y,3-T MRI + DTI fibre tractography,PUBLISHED_DERIVED,YOUNG_ADULT_MIXED_SEX_CONTEXT,CONTEXT_ONLY_MIXED_SEX,"Source-native PCSA calculated from muscle volume, optimal fibre length and pennation",Primary-source Table 3 mean ± SD. Do not promote to adult-male canonical reference without a selection rule.
charles_2019_tibialis_anterior_volume_mean,CHARLES_2019,UNIT,tibialis_anterior,VOLUME_MEAN,129,22,cm3,MIXED,"10 (5 male, 5 female)",27.3 ± 3.95 y,3-T MRI + DTI fibre tractography,MEASURED,YOUNG_ADULT_MIXED_SEX_CONTEXT,CONTEXT_ONLY_MIXED_SEX,T1 MRI segmentation,Primary-source Table 3 mean ± SD. Do not promote to adult-male canonical reference without a selection rule.
charles_2019_tibialis_anterior_muscle_length_mean,CHARLES_2019,UNIT,tibialis_anterior,MUSCLE_LENGTH_MEAN,300,43,mm,MIXED,"10 (5 male, 5 female)",27.3 ± 3.95 y,3-T MRI + DTI fibre tractography,MEASURED,YOUNG_ADULT_MIXED_SEX_CONTEXT,CONTEXT_ONLY_MIXED_SEX,3D muscle mesh / anatomical T1 MRI,Primary-source Table 3 mean ± SD. Do not promote to adult-male canonical reference without a selection rule.
charles_2019_tibialis_anterior_optimal_fibre_length_mean,CHARLES_2019,UNIT,tibialis_anterior,OPTIMAL_FIBRE_LENGTH_MEAN,137,26,mm,MIXED,"10 (5 male, 5 female)",27.3 ± 3.95 y,3-T MRI + DTI fibre tractography,PUBLISHED_DERIVED,YOUNG_ADULT_MIXED_SEX_CONTEXT,CONTEXT_ONLY_MIXED_SEX,DTI tract length sarcomere-normalised using Ward et al. sarcomere lengths and 2.7 μm optimum,Primary-source Table 3 mean ± SD. Do not promote to adult-male canonical reference without a selection rule.
charles_2019_tibialis_anterior_pennation_mean,CHARLES_2019,UNIT,tibialis_anterior,PENNATION_MEAN,7,2,deg,MIXED,"10 (5 male, 5 female)",27.3 ± 3.95 y,3-T MRI + DTI fibre tractography,MEASURED,YOUNG_ADULT_MIXED_SEX_CONTEXT,CONTEXT_ONLY_MIXED_SEX,Five superficial 2D pennation measurements across proximal/middle/distal regions relative to estimated muscle line of action,Primary-source Table 3 mean ± SD. Do not promote to adult-male canonical reference without a selection rule.
charles_2019_tibialis_anterior_pcsa_mean,CHARLES_2019,UNIT,tibialis_anterior,PCSA_MEAN,955,197,mm2,MIXED,"10 (5 male, 5 female)",27.3 ± 3.95 y,3-T MRI + DTI fibre tractography,PUBLISHED_DERIVED,YOUNG_ADULT_MIXED_SEX_CONTEXT,CONTEXT_ONLY_MIXED_SEX,"Source-native PCSA calculated from muscle volume, optimal fibre length and pennation",Primary-source Table 3 mean ± SD. Do not promote to adult-male canonical reference without a selection rule.
charles_2019_extensor_digitorum_longus_volume_mean,CHARLES_2019,UNIT,extensor_digitorum_longus,VOLUME_MEAN,76,17,cm3,MIXED,"10 (5 male, 5 female)",27.3 ± 3.95 y,3-T MRI + DTI fibre tractography,MEASURED,YOUNG_ADULT_MIXED_SEX_CONTEXT,CONTEXT_ONLY_MIXED_SEX,T1 MRI segmentation,Primary-source Table 3 mean ± SD. Do not promote to adult-male canonical reference without a selection rule.
charles_2019_extensor_digitorum_longus_muscle_length_mean,CHARLES_2019,UNIT,extensor_digitorum_longus,MUSCLE_LENGTH_MEAN,348,29,mm,MIXED,"10 (5 male, 5 female)",27.3 ± 3.95 y,3-T MRI + DTI fibre tractography,MEASURED,YOUNG_ADULT_MIXED_SEX_CONTEXT,CONTEXT_ONLY_MIXED_SEX,3D muscle mesh / anatomical T1 MRI,Primary-source Table 3 mean ± SD. Do not promote to adult-male canonical reference without a selection rule.
charles_2019_extensor_digitorum_longus_optimal_fibre_length_mean,CHARLES_2019,UNIT,extensor_digitorum_longus,OPTIMAL_FIBRE_LENGTH_MEAN,138,26,mm,MIXED,"10 (5 male, 5 female)",27.3 ± 3.95 y,3-T MRI + DTI fibre tractography,PUBLISHED_DERIVED,YOUNG_ADULT_MIXED_SEX_CONTEXT,CONTEXT_ONLY_MIXED_SEX,DTI tract length sarcomere-normalised using Ward et al. sarcomere lengths and 2.7 μm optimum,Primary-source Table 3 mean ± SD. Do not promote to adult-male canonical reference without a selection rule.
charles_2019_extensor_digitorum_longus_pennation_mean,CHARLES_2019,UNIT,extensor_digitorum_longus,PENNATION_MEAN,7,2,deg,MIXED,"10 (5 male, 5 female)",27.3 ± 3.95 y,3-T MRI + DTI fibre tractography,MEASURED,YOUNG_ADULT_MIXED_SEX_CONTEXT,CONTEXT_ONLY_MIXED_SEX,Five superficial 2D pennation measurements across proximal/middle/distal regions relative to estimated muscle line of action,Primary-source Table 3 mean ± SD. Do not promote to adult-male canonical reference without a selection rule.
charles_2019_extensor_digitorum_longus_pcsa_mean,CHARLES_2019,UNIT,extensor_digitorum_longus,PCSA_MEAN,570,185,mm2,MIXED,"10 (5 male, 5 female)",27.3 ± 3.95 y,3-T MRI + DTI fibre tractography,PUBLISHED_DERIVED,YOUNG_ADULT_MIXED_SEX_CONTEXT,CONTEXT_ONLY_MIXED_SEX,"Source-native PCSA calculated from muscle volume, optimal fibre length and pennation",Primary-source Table 3 mean ± SD. Do not promote to adult-male canonical reference without a selection rule.
charles_2019_extensor_hallucis_longus_volume_mean,CHARLES_2019,UNIT,extensor_hallucis_longus,VOLUME_MEAN,21,7,cm3,MIXED,"10 (5 male, 5 female)",27.3 ± 3.95 y,3-T MRI + DTI fibre tractography,MEASURED,YOUNG_ADULT_MIXED_SEX_CONTEXT,CONTEXT_ONLY_MIXED_SEX,T1 MRI segmentation,Primary-source Table 3 mean ± SD. Do not promote to adult-male canonical reference without a selection rule.
charles_2019_extensor_hallucis_longus_muscle_length_mean,CHARLES_2019,UNIT,extensor_hallucis_longus,MUSCLE_LENGTH_MEAN,238,46,mm,MIXED,"10 (5 male, 5 female)",27.3 ± 3.95 y,3-T MRI + DTI fibre tractography,MEASURED,YOUNG_ADULT_MIXED_SEX_CONTEXT,CONTEXT_ONLY_MIXED_SEX,3D muscle mesh / anatomical T1 MRI,Primary-source Table 3 mean ± SD. Do not promote to adult-male canonical reference without a selection rule.
charles_2019_extensor_hallucis_longus_optimal_fibre_length_mean,CHARLES_2019,UNIT,extensor_hallucis_longus,OPTIMAL_FIBRE_LENGTH_MEAN,106,24,mm,MIXED,"10 (5 male, 5 female)",27.3 ± 3.95 y,3-T MRI + DTI fibre tractography,PUBLISHED_DERIVED,YOUNG_ADULT_MIXED_SEX_CONTEXT,CONTEXT_ONLY_MIXED_SEX,DTI tract length sarcomere-normalised using Ward et al. sarcomere lengths and 2.7 μm optimum,Primary-source Table 3 mean ± SD. Do not promote to adult-male canonical reference without a selection rule.
charles_2019_extensor_hallucis_longus_pennation_mean,CHARLES_2019,UNIT,extensor_hallucis_longus,PENNATION_MEAN,7,2,deg,MIXED,"10 (5 male, 5 female)",27.3 ± 3.95 y,3-T MRI + DTI fibre tractography,MEASURED,YOUNG_ADULT_MIXED_SEX_CONTEXT,CONTEXT_ONLY_MIXED_SEX,Five superficial 2D pennation measurements across proximal/middle/distal regions relative to estimated muscle line of action,Primary-source Table 3 mean ± SD. Do not promote to adult-male canonical reference without a selection rule.
charles_2019_extensor_hallucis_longus_pcsa_mean,CHARLES_2019,UNIT,extensor_hallucis_longus,PCSA_MEAN,196,78,mm2,MIXED,"10 (5 male, 5 female)",27.3 ± 3.95 y,3-T MRI + DTI fibre tractography,PUBLISHED_DERIVED,YOUNG_ADULT_MIXED_SEX_CONTEXT,CONTEXT_ONLY_MIXED_SEX,"Source-native PCSA calculated from muscle volume, optimal fibre length and pennation",Primary-source Table 3 mean ± SD. Do not promote to adult-male canonical reference without a selection rule.
charles_2019_gastrocnemius_medial_head_volume_mean,CHARLES_2019,SEGMENT,gastrocnemius_medial_head,VOLUME_MEAN,230,48,cm3,MIXED,"10 (5 male, 5 female)",27.3 ± 3.95 y,3-T MRI + DTI fibre tractography,MEASURED,YOUNG_ADULT_MIXED_SEX_CONTEXT,CONTEXT_ONLY_MIXED_SEX,T1 MRI segmentation,Primary-source Table 3 mean ± SD. Do not promote to adult-male canonical reference without a selection rule.
charles_2019_gastrocnemius_medial_head_muscle_length_mean,CHARLES_2019,SEGMENT,gastrocnemius_medial_head,MUSCLE_LENGTH_MEAN,254,24,mm,MIXED,"10 (5 male, 5 female)",27.3 ± 3.95 y,3-T MRI + DTI fibre tractography,MEASURED,YOUNG_ADULT_MIXED_SEX_CONTEXT,CONTEXT_ONLY_MIXED_SEX,3D muscle mesh / anatomical T1 MRI,Primary-source Table 3 mean ± SD. Do not promote to adult-male canonical reference without a selection rule.
charles_2019_gastrocnemius_medial_head_optimal_fibre_length_mean,CHARLES_2019,SEGMENT,gastrocnemius_medial_head,OPTIMAL_FIBRE_LENGTH_MEAN,97,22,mm,MIXED,"10 (5 male, 5 female)",27.3 ± 3.95 y,3-T MRI + DTI fibre tractography,PUBLISHED_DERIVED,YOUNG_ADULT_MIXED_SEX_CONTEXT,CONTEXT_ONLY_MIXED_SEX,DTI tract length sarcomere-normalised using Ward et al. sarcomere lengths and 2.7 μm optimum,Primary-source Table 3 mean ± SD. Do not promote to adult-male canonical reference without a selection rule.
charles_2019_gastrocnemius_medial_head_pennation_mean,CHARLES_2019,SEGMENT,gastrocnemius_medial_head,PENNATION_MEAN,10,4,deg,MIXED,"10 (5 male, 5 female)",27.3 ± 3.95 y,3-T MRI + DTI fibre tractography,MEASURED,YOUNG_ADULT_MIXED_SEX_CONTEXT,CONTEXT_ONLY_MIXED_SEX,Five superficial 2D pennation measurements across proximal/middle/distal regions relative to estimated muscle line of action,Primary-source Table 3 mean ± SD. Do not promote to adult-male canonical reference without a selection rule.
charles_2019_gastrocnemius_medial_head_pcsa_mean,CHARLES_2019,SEGMENT,gastrocnemius_medial_head,PCSA_MEAN,2371,433,mm2,MIXED,"10 (5 male, 5 female)",27.3 ± 3.95 y,3-T MRI + DTI fibre tractography,PUBLISHED_DERIVED,YOUNG_ADULT_MIXED_SEX_CONTEXT,CONTEXT_ONLY_MIXED_SEX,"Source-native PCSA calculated from muscle volume, optimal fibre length and pennation",Primary-source Table 3 mean ± SD. Do not promote to adult-male canonical reference without a selection rule.
charles_2019_gastrocnemius_lateral_head_volume_mean,CHARLES_2019,SEGMENT,gastrocnemius_lateral_head,VOLUME_MEAN,128,35,cm3,MIXED,"10 (5 male, 5 female)",27.3 ± 3.95 y,3-T MRI + DTI fibre tractography,MEASURED,YOUNG_ADULT_MIXED_SEX_CONTEXT,CONTEXT_ONLY_MIXED_SEX,T1 MRI segmentation,Primary-source Table 3 mean ± SD. Do not promote to adult-male canonical reference without a selection rule.
charles_2019_gastrocnemius_lateral_head_muscle_length_mean,CHARLES_2019,SEGMENT,gastrocnemius_lateral_head,MUSCLE_LENGTH_MEAN,240,45,mm,MIXED,"10 (5 male, 5 female)",27.3 ± 3.95 y,3-T MRI + DTI fibre tractography,MEASURED,YOUNG_ADULT_MIXED_SEX_CONTEXT,CONTEXT_ONLY_MIXED_SEX,3D muscle mesh / anatomical T1 MRI,Primary-source Table 3 mean ± SD. Do not promote to adult-male canonical reference without a selection rule.
charles_2019_gastrocnemius_lateral_head_optimal_fibre_length_mean,CHARLES_2019,SEGMENT,gastrocnemius_lateral_head,OPTIMAL_FIBRE_LENGTH_MEAN,122,44,mm,MIXED,"10 (5 male, 5 female)",27.3 ± 3.95 y,3-T MRI + DTI fibre tractography,PUBLISHED_DERIVED,YOUNG_ADULT_MIXED_SEX_CONTEXT,CONTEXT_ONLY_MIXED_SEX,DTI tract length sarcomere-normalised using Ward et al. sarcomere lengths and 2.7 μm optimum,Primary-source Table 3 mean ± SD. Do not promote to adult-male canonical reference without a selection rule.
charles_2019_gastrocnemius_lateral_head_pennation_mean,CHARLES_2019,SEGMENT,gastrocnemius_lateral_head,PENNATION_MEAN,9,3,deg,MIXED,"10 (5 male, 5 female)",27.3 ± 3.95 y,3-T MRI + DTI fibre tractography,MEASURED,YOUNG_ADULT_MIXED_SEX_CONTEXT,CONTEXT_ONLY_MIXED_SEX,Five superficial 2D pennation measurements across proximal/middle/distal regions relative to estimated muscle line of action,Primary-source Table 3 mean ± SD. Do not promote to adult-male canonical reference without a selection rule.
charles_2019_gastrocnemius_lateral_head_pcsa_mean,CHARLES_2019,SEGMENT,gastrocnemius_lateral_head,PCSA_MEAN,1159,483,mm2,MIXED,"10 (5 male, 5 female)",27.3 ± 3.95 y,3-T MRI + DTI fibre tractography,PUBLISHED_DERIVED,YOUNG_ADULT_MIXED_SEX_CONTEXT,CONTEXT_ONLY_MIXED_SEX,"Source-native PCSA calculated from muscle volume, optimal fibre length and pennation",Primary-source Table 3 mean ± SD. Do not promote to adult-male canonical reference without a selection rule.
charles_2019_soleus_volume_mean,CHARLES_2019,UNIT,soleus,VOLUME_MEAN,461,108,cm3,MIXED,"10 (5 male, 5 female)",27.3 ± 3.95 y,3-T MRI + DTI fibre tractography,MEASURED,YOUNG_ADULT_MIXED_SEX_CONTEXT,CONTEXT_ONLY_MIXED_SEX,T1 MRI segmentation,Primary-source Table 3 mean ± SD. Do not promote to adult-male canonical reference without a selection rule.
charles_2019_soleus_muscle_length_mean,CHARLES_2019,UNIT,soleus,MUSCLE_LENGTH_MEAN,349,28,mm,MIXED,"10 (5 male, 5 female)",27.3 ± 3.95 y,3-T MRI + DTI fibre tractography,MEASURED,YOUNG_ADULT_MIXED_SEX_CONTEXT,CONTEXT_ONLY_MIXED_SEX,3D muscle mesh / anatomical T1 MRI,Primary-source Table 3 mean ± SD. Do not promote to adult-male canonical reference without a selection rule.
charles_2019_soleus_optimal_fibre_length_mean,CHARLES_2019,UNIT,soleus,OPTIMAL_FIBRE_LENGTH_MEAN,146,32,mm,MIXED,"10 (5 male, 5 female)",27.3 ± 3.95 y,3-T MRI + DTI fibre tractography,PUBLISHED_DERIVED,YOUNG_ADULT_MIXED_SEX_CONTEXT,CONTEXT_ONLY_MIXED_SEX,DTI tract length sarcomere-normalised using Ward et al. sarcomere lengths and 2.7 μm optimum,Primary-source Table 3 mean ± SD. Do not promote to adult-male canonical reference without a selection rule.
charles_2019_soleus_pennation_mean,CHARLES_2019,UNIT,soleus,PENNATION_MEAN,12,2,deg,MIXED,"10 (5 male, 5 female)",27.3 ± 3.95 y,3-T MRI + DTI fibre tractography,MEASURED,YOUNG_ADULT_MIXED_SEX_CONTEXT,CONTEXT_ONLY_MIXED_SEX,Five superficial 2D pennation measurements across proximal/middle/distal regions relative to estimated muscle line of action,Primary-source Table 3 mean ± SD. Do not promote to adult-male canonical reference without a selection rule.
charles_2019_soleus_pcsa_mean,CHARLES_2019,UNIT,soleus,PCSA_MEAN,3226,1042,mm2,MIXED,"10 (5 male, 5 female)",27.3 ± 3.95 y,3-T MRI + DTI fibre tractography,PUBLISHED_DERIVED,YOUNG_ADULT_MIXED_SEX_CONTEXT,CONTEXT_ONLY_MIXED_SEX,"Source-native PCSA calculated from muscle volume, optimal fibre length and pennation",Primary-source Table 3 mean ± SD. Do not promote to adult-male canonical reference without a selection rule.
